Kernel,Training Accuracy,Validation Accuracy,Training Loss,Validation Loss
linear,0.9532467532467532,0.7466666666666667,0.04675324675324677,0.2533333333333333
rbf,1.0,0.82,0.0,0.18
poly,0.925974025974026,0.7466666666666667,0.07402597402597404,0.25333333333333335
sigmoid,0.9441558441558442,0.7066666666666667,0.05584415584415585,0.29333333333333333
