Kernel,Training Accuracy,Validation Accuracy,Training Loss,Validation Loss
linear,0.9083333333333332,0.7,0.0916666666666667,0.3
rbf,0.9666666666666668,0.8,0.033333333333333305,0.19999999999999998
poly,0.9333333333333333,0.7333333333333333,0.06666666666666668,0.2666666666666667
sigmoid,0.9,0.7333333333333333,0.10000000000000002,0.2666666666666667
